{
  "config": {
    "n_items": 1000,
    "n_queries": 50,
    "window": 100,
    "warmup": 10
  },
  "timings_seconds": {
    "python_list_baseline": 0.004210948944091797,
    "protodb_linear_where": 0.5427215099334717,
    "protodb_indexed_where": 0.08817934989929199,
    "python_list_pk_lookup": 0.014655590057373047,
    "protodb_linear_pk_lookup": 0.3327500820159912,
    "protodb_indexed_pk_lookup": 0.06251049041748047
  },
  "latency_ms": {
    "python_list_baseline": {
      "avg_ms": 0.08208274841308594,
      "p50_ms": 0.0820159912109375,
      "p95_ms": 0.0946521759033203,
      "p99_ms": 0.10365724563598631,
      "qps": 11873.808175744536
    },
    "protodb_linear_where": {
      "avg_ms": 10.849790573120117,
      "p50_ms": 9.235382080078125,
      "p95_ms": 17.8374171257019,
      "p99_ms": 19.698781967163082,
      "qps": 92.12828142029812
    },
    "protodb_indexed_where": {
      "avg_ms": 1.7618274688720703,
      "p50_ms": 1.7763376235961914,
      "p95_ms": 1.958334445953369,
      "p99_ms": 2.0788455009460445,
      "qps": 567.0261808133546
    },
    "python_list_pk_lookup": {
      "avg_ms": 0.28887271881103516,
      "p50_ms": 0.18084049224853516,
      "p95_ms": 0.6875276565551757,
      "p99_ms": 1.0603332519531237,
      "qps": 3411.6674800715796
    },
    "protodb_linear_pk_lookup": {
      "avg_ms": 6.650338172912598,
      "p50_ms": 5.319952964782715,
      "p95_ms": 14.80053663253784,
      "p99_ms": 15.93581199645996,
      "qps": 150.26292314361356
    },
    "protodb_indexed_pk_lookup": {
      "avg_ms": 1.2462759017944336,
      "p50_ms": 0.7131099700927734,
      "p95_ms": 4.933297634124754,
      "p99_ms": 6.324229240417478,
      "qps": 799.8657451904741
    }
  },
  "speedups": {
    "indexed_over_linear": 6.154746100456671,
    "indexed_over_python": 0.047754365947368,
    "indexed_pk_over_linear": 5.323107846278243
  }
}