{
  "config": {
    "storage": "memory",
    "dataset_size": "small",
    "item_count": 1000,
    "query_count": 50,
    "benchmark": "all",
    "timestamp": "2025-09-12T10:05:40.238704"
  },
  "benchmarks": {
    "insert": {
      "total_time": 3.5554795265197754,
      "items": 1000,
      "time_per_item_ms": 3.5554795265197754,
      "items_per_second": 281.25601414412705
    },
    "read": {
      "total_time": 0.15554165840148926,
      "items": 1000,
      "time_per_item_ms": 0.15554165840148926,
      "items_per_second": 6429.145801048147
    },
    "update": {
      "total_time": 2.988903760910034,
      "items": 1000,
      "time_per_item_ms": 2.988903760910034,
      "items_per_second": 334.5708259591233
    },
    "query": {
      "total_time": 23.279303789138794,
      "queries": 50,
      "time_per_query_ms": 465.5860757827759,
      "queries_per_second": 2.147830555969119
    },
    "delete": {
      "total_time": 0.41486573219299316,
      "items": 1000,
      "time_per_item_ms": 0.41486573219299316,
      "items_per_second": 2410.418413480354
    }
  }
}