{
  "config": {
    "storage": "memory",
    "dataset_size": "small",
    "item_count": 1000,
    "query_count": 50,
    "benchmark": "all",
    "timestamp": "2025-08-21T17:05:00.061536"
  },
  "benchmarks": {
    "insert": {
      "total_time": 2.5512032508850098,
      "items": 1000,
      "time_per_item_ms": 2.5512032508850098,
      "items_per_second": 391.97190566964866
    },
    "read": {
      "total_time": 0.11720108985900879,
      "items": 1000,
      "time_per_item_ms": 0.11720108985900879,
      "items_per_second": 8532.343864745502
    },
    "update": {
      "total_time": 2.425814390182495,
      "items": 1000,
      "time_per_item_ms": 2.425814390182495,
      "items_per_second": 412.2326935016531
    },
    "query": {
      "total_time": 18.617353200912476,
      "queries": 50,
      "time_per_query_ms": 372.3470640182495,
      "queries_per_second": 2.685666402759625
    },
    "delete": {
      "total_time": 0.3489491939544678,
      "items": 1000,
      "time_per_item_ms": 0.3489491939544678,
      "items_per_second": 2865.746697011955
    }
  }
}