{
  "config": {
    "size": 50000,
    "runs": 5
  },
  "list": {
    "filter_order_take": {
      "avg_ms": 112.71713200003433,
      "p50_ms": 108.58829199969477,
      "p95_ms": 126.85180500011484,
      "std_ms": 7.747909124868198,
      "qps": 8.871765828815583
    },
    "distinct": {
      "avg_ms": 34.16017620002094,
      "p50_ms": 34.96823299974494,
      "p95_ms": 38.50640300061059,
      "std_ms": 3.919261334556943,
      "qps": 29.273853686954546
    },
    "count_active": {
      "avg_ms": 31.655169199802913,
      "p50_ms": 31.35937900060526,
      "p95_ms": 33.533840000018245,
      "std_ms": 1.0772182499562692,
      "qps": 31.590417150770627
    },
    "between": {
      "avg_ms": 33.22159460039984,
      "p50_ms": 32.86745600053109,
      "p95_ms": 34.673279999879014,
      "std_ms": 0.8840395376256068,
      "qps": 30.100903103187118
    },
    "groupby": {
      "avg_ms": 40.64250519986672,
      "p50_ms": 38.772648999838566,
      "p95_ms": 45.99803499968402,
      "std_ms": 3.100909890567707,
      "qps": 24.60478248282981
    }
  },
  "plan": {
    "filter_order_take": {
      "avg_ms": 109.168915599912,
      "p50_ms": 109.38275100033934,
      "p95_ms": 114.82026599969686,
      "std_ms": 3.9184077472702135,
      "qps": 9.16011663672517
    },
    "distinct": {
      "avg_ms": 35.00056660013797,
      "p50_ms": 34.335859000748314,
      "p95_ms": 37.90008099986153,
      "std_ms": 2.0746275839665462,
      "qps": 28.570966048191288
    },
    "count_active": {
      "avg_ms": 31.266273200162686,
      "p50_ms": 31.13650300019799,
      "p95_ms": 33.1099519999043,
      "std_ms": 1.2990478390467683,
      "qps": 31.98334491604189
    },
    "between": {
      "avg_ms": 37.01274960003502,
      "p50_ms": 38.661868999952276,
      "p95_ms": 41.17947499980801,
      "std_ms": 3.67083739942128,
      "qps": 27.01771715979333
    },
    "groupby": {
      "avg_ms": 42.238271399946825,
      "p50_ms": 41.90159399968252,
      "p95_ms": 46.69284000010521,
      "std_ms": 2.9606901447464473,
      "qps": 23.675211291938876
    }
  }
}