{
  "config": {
    "size": 1000,
    "runs": 1
  },
  "list": {
    "filter_order_take": {
      "avg_ms": 1.8567620008980157,
      "p50_ms": 1.8567620008980157,
      "p95_ms": 1.8567620008980157,
      "std_ms": 0.0,
      "qps": 538.5719868870399
    },
    "distinct": {
      "avg_ms": 0.5281989997456549,
      "p50_ms": 0.5281989997456549,
      "p95_ms": 0.5281989997456549,
      "std_ms": 0.0,
      "qps": 1893.2258495028063
    },
    "count_active": {
      "avg_ms": 0.520796000273549,
      "p50_ms": 0.520796000273549,
      "p95_ms": 0.520796000273549,
      "std_ms": 0.0,
      "qps": 1920.1376344571545
    },
    "between": {
      "avg_ms": 0.5286880004859995,
      "p50_ms": 0.5286880004859995,
      "p95_ms": 0.5286880004859995,
      "std_ms": 0.0,
      "qps": 1891.4747432904553
    },
    "groupby": {
      "avg_ms": 1.2986710007680813,
      "p50_ms": 1.2986710007680813,
      "p95_ms": 1.2986710007680813,
      "std_ms": 0.0,
      "qps": 770.0179640636956
    }
  },
  "plan": {
    "filter_order_take": {
      "avg_ms": 3.044947001399123,
      "p50_ms": 3.044947001399123,
      "p95_ms": 3.044947001399123,
      "std_ms": 0.0,
      "qps": 328.4129410267272
    },
    "distinct": {
      "avg_ms": 1.2383299999783048,
      "p50_ms": 1.2383299999783048,
      "p95_ms": 1.2383299999783048,
      "std_ms": 0.0,
      "qps": 807.5391858531407
    },
    "count_active": {
      "avg_ms": 0.9987789999286178,
      "p50_ms": 0.9987789999286178,
      "p95_ms": 0.9987789999286178,
      "std_ms": 0.0,
      "qps": 1001.222492735099
    },
    "between": {
      "avg_ms": 0.967771000432549,
      "p50_ms": 0.967771000432549,
      "p95_ms": 0.967771000432549,
      "std_ms": 0.0,
      "qps": 1033.3022993590903
    },
    "groupby": {
      "avg_ms": 1.268710000658757,
      "p50_ms": 1.268710000658757,
      "p95_ms": 1.268710000658757,
      "std_ms": 0.0,
      "qps": 788.2021892164216
    }
  }
}