{
  "config": {
    "size": 100000,
    "runs": 5
  },
  "list": {
    "filter_order_take": {
      "avg_ms": 312.375059599799,
      "p50_ms": 301.8819419994543,
      "p95_ms": 355.0988030001463,
      "std_ms": 28.342704673245233,
      "qps": 3.201279901414522
    },
    "distinct": {
      "avg_ms": 102.40018979984598,
      "p50_ms": 102.45399500036001,
      "p95_ms": 112.02781399970263,
      "std_ms": 8.255765480930435,
      "qps": 9.765606899309713
    },
    "count_active": {
      "avg_ms": 84.2973525999696,
      "p50_ms": 84.0685270004542,
      "p95_ms": 88.91197199955059,
      "std_ms": 3.5228763153277023,
      "qps": 11.862768748450122
    },
    "between": {
      "avg_ms": 82.76362479991803,
      "p50_ms": 82.33263899910526,
      "p95_ms": 90.32380000007834,
      "std_ms": 4.312303356569144,
      "qps": 12.082602742660328
    },
    "groupby": {
      "avg_ms": 111.52557579989661,
      "p50_ms": 106.17915200054995,
      "p95_ms": 128.6593750000975,
      "std_ms": 12.290461896975895,
      "qps": 8.966553123153004
    }
  },
  "plan": {
    "filter_order_take": {
      "avg_ms": 264.0914717996566,
      "p50_ms": 264.02561200029595,
      "p95_ms": 284.9870109994299,
      "std_ms": 15.132767173290185,
      "qps": 3.786566802727404
    },
    "distinct": {
      "avg_ms": 68.65495719994215,
      "p50_ms": 69.09512099991844,
      "p95_ms": 71.54659499974514,
      "std_ms": 1.914810707130595,
      "qps": 14.56559061114443
    },
    "count_active": {
      "avg_ms": 73.57255919996533,
      "p50_ms": 72.34452400007285,
      "p95_ms": 79.93151800019405,
      "std_ms": 3.3836683114892168,
      "qps": 13.592024130655377
    },
    "between": {
      "avg_ms": 84.31027260012343,
      "p50_ms": 82.30232700043416,
      "p95_ms": 97.12878800019098,
      "std_ms": 6.639499985708886,
      "qps": 11.86095085640295
    },
    "groupby": {
      "avg_ms": 88.4736938003698,
      "p50_ms": 87.10491600049863,
      "p95_ms": 92.53774600074394,
      "std_ms": 3.136058968597762,
      "qps": 11.30279472965579
    }
  }
}