{
  "config": {
    "n_items": 20000,
    "n_queries": 50,
    "window": 100,
    "warmup": 5
  },
  "timings_seconds": {
    "python_list_baseline": 0.09820318222045898,
    "protodb_linear_where": 0.642035961151123,
    "protodb_indexed_where": 0.18262410163879395,
    "python_list_pk_lookup": 0.12020134925842285,
    "protodb_linear_pk_lookup": 0.5862724781036377,
    "protodb_indexed_pk_lookup": 0.00816035270690918
  },
  "latency_ms": {
    "python_list_baseline": {
      "avg_ms": 1.9604825973510742,
      "p50_ms": 1.7141103744506836,
      "p95_ms": 2.9509305953979488,
      "p99_ms": 3.2442951202392574,
      "qps": 509.1484702374883
    },
    "protodb_linear_where": {
      "avg_ms": 12.837185859680176,
      "p50_ms": 12.510061264038086,
      "p95_ms": 15.313434600830078,
      "p99_ms": 15.671417713165283,
      "qps": 77.87725770119432
    },
    "protodb_indexed_where": {
      "avg_ms": 3.650054931640625,
      "p50_ms": 3.608226776123047,
      "p95_ms": 4.008817672729492,
      "p99_ms": 4.3329119682312,
      "qps": 273.78642551185993
    },
    "python_list_pk_lookup": {
      "avg_ms": 2.40023136138916,
      "p50_ms": 2.2513866424560547,
      "p95_ms": 3.3005714416503906,
      "p99_ms": 3.402843475341797,
      "qps": 415.96870840862346
    },
    "protodb_linear_pk_lookup": {
      "avg_ms": 11.721749305725098,
      "p50_ms": 11.221170425415039,
      "p95_ms": 14.249193668365479,
      "p99_ms": 17.62332201004028,
      "qps": 85.28457648520438
    },
    "protodb_indexed_pk_lookup": {
      "avg_ms": 0.16158103942871094,
      "p50_ms": 0.15175342559814453,
      "p95_ms": 0.23584365844726551,
      "p99_ms": 0.37303686141967735,
      "qps": 6127.186139597394
    }
  },
  "speedups": {
    "indexed_over_linear": 3.5156146170727474,
    "indexed_over_python": 0.5377339646805861,
    "indexed_pk_over_linear": 71.8440120372805
  }
}