{
  "config": {
    "n_items": 50000,
    "n_queries": 200,
    "window": 500,
    "warmup": 10
  },
  "timings_seconds": {
    "python_list_baseline": 1.1712672710418701,
    "protodb_linear_where": 8.541722059249878,
    "protodb_indexed_where": 5.723766088485718,
    "python_list_pk_lookup": 1.1700146198272705,
    "protodb_linear_pk_lookup": 5.609982967376709,
    "protodb_indexed_pk_lookup": 5.910963773727417
  },
  "latency_ms": {
    "python_list_baseline": {
      "avg_ms": 5.852445363998413,
      "p50_ms": 5.5533647537231445,
      "p95_ms": 7.971751689910888,
      "p99_ms": 8.368816375732422,
      "qps": 170.7552195342189
    },
    "protodb_linear_where": {
      "avg_ms": 42.704927921295166,
      "p50_ms": 42.505621910095215,
      "p95_ms": 49.39134120941162,
      "p99_ms": 53.51675987243652,
      "qps": 23.414482303766707
    },
    "protodb_indexed_where": {
      "avg_ms": 28.61522078514099,
      "p50_ms": 27.858376502990723,
      "p95_ms": 36.56793832778931,
      "p99_ms": 39.19268131256103,
      "qps": 34.94202888589951
    },
    "python_list_pk_lookup": {
      "avg_ms": 5.846166610717773,
      "p50_ms": 5.450248718261719,
      "p95_ms": 7.803332805633545,
      "p99_ms": 8.987748622894287,
      "qps": 170.93803497047418
    },
    "protodb_linear_pk_lookup": {
      "avg_ms": 28.04638385772705,
      "p50_ms": 27.372002601623535,
      "p95_ms": 31.694042682647698,
      "p99_ms": 33.24728965759277,
      "qps": 35.65073212575585
    },
    "protodb_indexed_pk_lookup": {
      "avg_ms": 29.55161690711975,
      "p50_ms": 28.845548629760742,
      "p95_ms": 34.93741750717163,
      "p99_ms": 41.41750574111938,
      "qps": 33.83542983107833
    }
  },
  "speedups": {
    "indexed_over_linear": 1.4923254946481714,
    "indexed_over_python": 0.20463227408926857,
    "indexed_pk_over_linear": 0.9490809252310962
  }
}