{
  "config": {
    "n_items": 50000,
    "n_queries": 200
  },
  "timings_seconds": {
    "python_list_baseline": 1.5030179023742676,
    "protodb_linear_where": 11.966989994049072,
    "protodb_indexed_where": 11.279869318008423
  },
  "speedups": {
    "indexed_over_linear": 1.0609156592748512,
    "indexed_over_python": 0.1332478116545805
  }
}