{
  "config": {
    "n_items": 10000,
    "n_queries": 200,
    "window": 500,
    "warmup": 20
  },
  "timings_seconds": {
    "python_list_baseline": 0.2584986686706543,
    "protodb_linear_where": 1.474825382232666,
    "protodb_indexed_where": 0.21936297416687012,
    "python_list_pk_lookup": 0.2613534927368164,
    "protodb_linear_pk_lookup": 1.3194913864135742,
    "protodb_indexed_pk_lookup": 0.031702280044555664
  },
  "latency_ms": {
    "python_list_baseline": {
      "avg_ms": 1.288524866104126,
      "p50_ms": 1.2216567993164062,
      "p95_ms": 2.0941615104675293,
      "p99_ms": 2.4586462974548335,
      "qps": 773.6983754249591
    },
    "protodb_linear_where": {
      "avg_ms": 7.3699891567230225,
      "p50_ms": 7.120966911315918,
      "p95_ms": 9.188854694366453,
      "p99_ms": 10.015866756439205,
      "qps": 135.60927443303817
    },
    "protodb_indexed_where": {
      "avg_ms": 1.093686819076538,
      "p50_ms": 1.039743423461914,
      "p95_ms": 1.4674067497253418,
      "p99_ms": 1.7001652717590316,
      "qps": 911.73089150341
    },
    "python_list_pk_lookup": {
      "avg_ms": 1.303544044494629,
      "p50_ms": 1.2553930282592773,
      "p95_ms": 1.953601837158203,
      "p99_ms": 2.265810966491699,
      "qps": 765.2470908487169
    },
    "protodb_linear_pk_lookup": {
      "avg_ms": 6.593531370162964,
      "p50_ms": 6.26373291015625,
      "p95_ms": 8.79961252212524,
      "p99_ms": 10.251736640930174,
      "qps": 151.5735548252477
    },
    "protodb_indexed_pk_lookup": {
      "avg_ms": 0.15665173530578613,
      "p50_ms": 0.14865398406982422,
      "p95_ms": 0.20663738250732416,
      "p99_ms": 0.32685518264770447,
      "qps": 6308.694507742406
    }
  },
  "speedups": {
    "indexed_over_linear": 6.72321930277423,
    "indexed_over_python": 1.1784061081977013,
    "indexed_pk_over_linear": 41.621340312403646
  }
}