{
  "config": {
    "n_items": 100000,
    "n_queries": 50,
    "window": 100,
    "warmup": 5
  },
  "timings_seconds": {
    "python_list_baseline": 0.46372008323669434,
    "protodb_linear_where": 3.0074338912963867,
    "protodb_indexed_where": 0.7594974040985107,
    "python_list_pk_lookup": 0.5592834949493408,
    "protodb_linear_pk_lookup": 2.7269012928009033,
    "protodb_indexed_pk_lookup": 0.007533073425292969
  },
  "latency_ms": {
    "python_list_baseline": {
      "avg_ms": 9.270505905151367,
      "p50_ms": 8.93259048461914,
      "p95_ms": 11.89727783203125,
      "p99_ms": 12.534804344177244,
      "qps": 107.82366735339075
    },
    "protodb_linear_where": {
      "avg_ms": 60.14509201049805,
      "p50_ms": 59.047818183898926,
      "p95_ms": 68.58301162719727,
      "p99_ms": 72.18693494796752,
      "qps": 16.625469356018648
    },
    "protodb_indexed_where": {
      "avg_ms": 15.18728256225586,
      "p50_ms": 14.867305755615234,
      "p95_ms": 16.25286340713501,
      "p99_ms": 24.056847095489484,
      "qps": 65.83300973799608
    },
    "python_list_pk_lookup": {
      "avg_ms": 11.181669235229492,
      "p50_ms": 11.309504508972168,
      "p95_ms": 13.563466072082518,
      "p99_ms": 14.97110843658447,
      "qps": 89.40009932624409
    },
    "protodb_linear_pk_lookup": {
      "avg_ms": 54.53421115875244,
      "p50_ms": 52.98268795013428,
      "p95_ms": 64.72368240356444,
      "p99_ms": 71.0295295715332,
      "qps": 18.33583053849489
    },
    "protodb_indexed_pk_lookup": {
      "avg_ms": 0.14921188354492188,
      "p50_ms": 0.1468658447265625,
      "p95_ms": 0.16824007034301758,
      "p99_ms": 0.20595073699951158,
      "qps": 6637.397138878339
    }
  },
  "speedups": {
    "indexed_over_linear": 3.9597684930418895,
    "indexed_over_python": 0.610561775108513,
    "indexed_pk_over_linear": 361.9905367768072
  }
}