{
  "config": {
    "n_items": 50000,
    "n_queries": 200,
    "window": 500,
    "warmup": 10
  },
  "timings_seconds": {
    "python_list_baseline": 1.1409516334533691,
    "protodb_linear_where": 9.616300821304321,
    "protodb_indexed_where": 7.1185622215271,
    "python_list_pk_lookup": 1.9290800094604492,
    "protodb_linear_pk_lookup": 5.773388385772705,
    "protodb_indexed_pk_lookup": 8.030814409255981
  },
  "latency_ms": {
    "python_list_baseline": {
      "avg_ms": 5.701009035110474,
      "p50_ms": 4.032015800476074,
      "p95_ms": 14.947581291198711,
      "p99_ms": 17.881352901458737,
      "qps": 175.29226843266886
    },
    "protodb_linear_where": {
      "avg_ms": 48.077841997146606,
      "p50_ms": 29.87349033355713,
      "p95_ms": 109.66491699218743,
      "p99_ms": 131.31148099899286,
      "qps": 20.798018252186157
    },
    "protodb_indexed_where": {
      "avg_ms": 35.58893084526062,
      "p50_ms": 32.72521495819092,
      "p95_ms": 55.761885643005364,
      "p99_ms": 73.79490375518797,
      "qps": 28.095561122607606
    },
    "python_list_pk_lookup": {
      "avg_ms": 9.639567136764526,
      "p50_ms": 8.428812026977539,
      "p95_ms": 16.38927459716797,
      "p99_ms": 17.351775169372548,
      "qps": 103.67636335412477
    },
    "protodb_linear_pk_lookup": {
      "avg_ms": 28.863422870635986,
      "p50_ms": 21.95298671722412,
      "p95_ms": 63.80801200866697,
      "p99_ms": 73.15252304077148,
      "qps": 34.6417020016976
    },
    "protodb_indexed_pk_lookup": {
      "avg_ms": 40.15041708946228,
      "p50_ms": 31.139016151428223,
      "p95_ms": 83.68465900421143,
      "p99_ms": 97.45118141174315,
      "qps": 24.904074457191832
    }
  },
  "speedups": {
    "indexed_over_linear": 1.3508768374916864,
    "indexed_over_python": 0.1602783817781406,
    "indexed_pk_over_linear": 0.71890447114785
  }
}