{
  "config": {
    "n_items": 50000,
    "n_queries": 200,
    "window": 200,
    "warmup": 10
  },
  "timings_seconds": {
    "python_list_baseline": 1.1272077560424805,
    "protodb_linear_where": 8.50217080116272,
    "protodb_indexed_where": 5.960270881652832
  },
  "latency_ms": {
    "python_list_baseline": {
      "avg_ms": 5.632232427597046,
      "p50_ms": 5.0002336502075195,
      "p95_ms": 8.627355098724365,
      "p99_ms": 9.53345775604248,
      "qps": 177.4295811290201
    },
    "protodb_linear_where": {
      "avg_ms": 42.507184743881226,
      "p50_ms": 41.96357727050781,
      "p95_ms": 46.512627601623535,
      "p99_ms": 52.529745101928704,
      "qps": 23.523404160811364
    },
    "protodb_indexed_where": {
      "avg_ms": 29.797890186309814,
      "p50_ms": 29.911279678344727,
      "p95_ms": 34.11364555358887,
      "p99_ms": 36.12270116806028,
      "qps": 33.55552188335077
    }
  },
  "speedups": {
    "indexed_over_linear": 1.426473891872008,
    "indexed_over_python": 0.18912022262483086
  }
}