{
  "config": {
    "n_items": 50000,
    "n_queries": 100
  },
  "timings_seconds": {
    "python_list_baseline": 0.7109410762786865,
    "protodb_linear_where": 5.070519924163818,
    "protodb_indexed_where": 5.565518379211426
  },
  "speedups": {
    "indexed_over_linear": 0.9110597753308034,
    "indexed_over_python": 0.1277403159666538
  }
}