{
  "config": {
    "storage": "memory",
    "dataset_size": "small",
    "item_count": 1000,
    "query_count": 50,
    "benchmark": "all",
    "timestamp": "2025-09-13T16:44:59.793857"
  },
  "benchmarks": {
    "insert": {
      "total_time": 4.274389266967773,
      "items": 1000,
      "time_per_item_ms": 4.274389266967773,
      "items_per_second": 233.95155133107335
    },
    "read": {
      "total_time": 0.273669958114624,
      "items": 1000,
      "time_per_item_ms": 0.273669958114624,
      "items_per_second": 3654.0364418850813
    },
    "update": {
      "total_time": 4.629346609115601,
      "items": 1000,
      "time_per_item_ms": 4.629346609115601,
      "items_per_second": 216.0132054123815
    },
    "query": {
      "total_time": 30.227470874786377,
      "queries": 50,
      "time_per_query_ms": 604.5494174957275,
      "queries_per_second": 1.6541244951361933
    },
    "delete": {
      "total_time": 0.4533200263977051,
      "items": 1000,
      "time_per_item_ms": 0.4533200263977051,
      "items_per_second": 2205.9471052855797
    }
  }
}