{
  "config": {
    "n_items": 20000,
    "n_queries": 100
  },
  "timings_seconds": {
    "python_list_baseline": 0.21074461936950684,
    "protodb_linear_where": 1.6024959087371826,
    "protodb_indexed_where": 4.542443037033081
  },
  "speedups": {
    "indexed_over_linear": 0.35278282978400555,
    "indexed_over_python": 0.04639455413119627
  }
}