{
  "config": {
    "storage": "memory",
    "dataset_size": "small",
    "item_count": 1000,
    "query_count": 50,
    "benchmark": "all",
    "timestamp": "2025-08-04T01:02:37.459973"
  },
  "benchmarks": {
    "insert": {
      "total_time": 7.7067201137542725,
      "items": 1000,
      "time_per_item_ms": 7.7067201137542725,
      "items_per_second": 129.75688558032468
    },
    "read": {
      "total_time": 0.777625560760498,
      "items": 1000,
      "time_per_item_ms": 0.777625560760498,
      "items_per_second": 1285.965959017635
    },
    "update": {
      "total_time": 7.780277252197266,
      "items": 1000,
      "time_per_item_ms": 7.780277252197266,
      "items_per_second": 128.53012400266138
    },
    "query": {
      "total_time": 51.16687035560608,
      "queries": 50,
      "time_per_query_ms": 1023.3374071121215,
      "queries_per_second": 0.977194806962075
    },
    "delete": {
      "total_time": 0.8965973854064941,
      "items": 1000,
      "time_per_item_ms": 0.8965973854064941,
      "items_per_second": 1115.3278118769283
    }
  }
}