{
  "config": {
    "n_items": 50000,
    "n_queries": 200,
    "window": 500,
    "warmup": 10
  },
  "timings_seconds": {
    "python_list_baseline": 1.147942066192627,
    "protodb_linear_where": 8.813983917236328,
    "protodb_indexed_where": 5.851804494857788
  },
  "latency_ms": {
    "python_list_baseline": {
      "avg_ms": 5.736056566238403,
      "p50_ms": 4.943490028381348,
      "p95_ms": 9.31357145309448,
      "p99_ms": 14.211201667785636,
      "qps": 174.22482012819592
    },
    "protodb_linear_where": {
      "avg_ms": 44.06632900238037,
      "p50_ms": 39.4892692565918,
      "p95_ms": 65.0269865989685,
      "p99_ms": 82.22240447998045,
      "qps": 22.691214537944276
    },
    "protodb_indexed_where": {
      "avg_ms": 29.25570845603943,
      "p50_ms": 29.53958511352539,
      "p95_ms": 32.66698122024536,
      "p99_ms": 33.88575553894042,
      "qps": 34.17749177638247
    }
  },
  "speedups": {
    "indexed_over_linear": 1.5061993142425596,
    "indexed_over_python": 0.19616890263531
  }
}