{
  "config": {
    "n_items": 50000,
    "n_queries": 100,
    "window": 500,
    "warmup": 20
  },
  "timings_seconds": {
    "python_list_baseline": 0.8464548587799072,
    "protodb_linear_where": 4.05846905708313,
    "protodb_indexed_where": 0.2463977336883545,
    "python_list_pk_lookup": 1.0834367275238037,
    "protodb_linear_pk_lookup": 3.713841438293457,
    "protodb_indexed_pk_lookup": 0.022633075714111328
  },
  "latency_ms": {
    "python_list_baseline": {
      "avg_ms": 8.459365367889404,
      "p50_ms": 8.179903030395508,
      "p95_ms": 11.501884460449219,
      "p99_ms": 13.524279594421401,
      "qps": 118.1397908733627
    },
    "protodb_linear_where": {
      "avg_ms": 40.579962730407715,
      "p50_ms": 39.37506675720215,
      "p95_ms": 51.21431350708007,
      "p99_ms": 57.50527858734132,
      "qps": 24.639833048738627
    },
    "protodb_indexed_where": {
      "avg_ms": 2.461245059967041,
      "p50_ms": 2.1712779998779297,
      "p95_ms": 3.077566623687744,
      "p99_ms": 3.5586881637574326,
      "qps": 405.8478887085896
    },
    "python_list_pk_lookup": {
      "avg_ms": 10.827739238739014,
      "p50_ms": 10.269999504089355,
      "p95_ms": 15.924286842346191,
      "p99_ms": 18.49691629409792,
      "qps": 92.29888322924971
    },
    "protodb_linear_pk_lookup": {
      "avg_ms": 37.13386297225952,
      "p50_ms": 35.315632820129395,
      "p95_ms": 46.74830436706542,
      "p99_ms": 54.318110942840576,
      "qps": 26.926297652048085
    },
    "protodb_indexed_pk_lookup": {
      "avg_ms": 0.22453546524047852,
      "p50_ms": 0.2231597900390625,
      "p95_ms": 0.2824068069458008,
      "p99_ms": 0.34294605255127214,
      "qps": 4418.312440745813
    }
  },
  "speedups": {
    "indexed_over_linear": 16.471210982063287,
    "indexed_over_python": 3.4353191732295274,
    "indexed_pk_over_linear": 164.08911829769303
  }
}