{
  "config": {
    "n_items": 50000,
    "n_queries": 50,
    "window": 100,
    "warmup": 5
  },
  "timings_seconds": {
    "python_list_baseline": 0.2823982238769531,
    "protodb_linear_where": 1.8150031566619873,
    "protodb_indexed_where": 0.2820413112640381,
    "python_list_pk_lookup": 0.3132798671722412,
    "protodb_linear_pk_lookup": 1.4101314544677734,
    "protodb_indexed_pk_lookup": 1.7163217067718506
  },
  "latency_ms": {
    "python_list_baseline": {
      "avg_ms": 5.643377304077148,
      "p50_ms": 5.124568939208984,
      "p95_ms": 13.308143615722656,
      "p99_ms": 13.986833095550535,
      "qps": 177.05493792973024
    },
    "protodb_linear_where": {
      "avg_ms": 36.29605770111084,
      "p50_ms": 36.122918128967285,
      "p95_ms": 50.80806016921996,
      "p99_ms": 63.73930215835568,
      "qps": 27.548161454416483
    },
    "protodb_indexed_where": {
      "avg_ms": 5.6377410888671875,
      "p50_ms": 5.339384078979492,
      "p95_ms": 7.697212696075439,
      "p99_ms": 8.33547830581665,
      "qps": 177.27899425765892
    },
    "python_list_pk_lookup": {
      "avg_ms": 6.261076927185059,
      "p50_ms": 5.685925483703613,
      "p95_ms": 11.661350727081285,
      "p99_ms": 14.484331607818602,
      "qps": 159.6017019903485
    },
    "protodb_linear_pk_lookup": {
      "avg_ms": 28.198418617248535,
      "p50_ms": 25.86507797241211,
      "p95_ms": 38.6746883392334,
      "p99_ms": 41.35434627532958,
      "qps": 35.457687183406264
    },
    "protodb_indexed_pk_lookup": {
      "avg_ms": 34.32255268096924,
      "p50_ms": 33.861637115478516,
      "p95_ms": 36.96349859237671,
      "p99_ms": 41.149752140045166,
      "qps": 29.132067608725094
    }
  },
  "speedups": {
    "indexed_over_linear": 6.435238683750265,
    "indexed_over_python": 1.001265462181109,
    "indexed_pk_over_linear": 0.8216008973749006
  }
}