{
  "config": {
    "n_items": 100000,
    "n_queries": 50,
    "window": 100,
    "warmup": 10
  },
  "timings_seconds": {
    "python_list_baseline": 0.5375807285308838,
    "protodb_linear_where": 2.9000720977783203,
    "protodb_indexed_where": 0.6143629550933838,
    "python_list_pk_lookup": 0.6117513179779053,
    "protodb_linear_pk_lookup": 2.6007211208343506,
    "protodb_indexed_pk_lookup": 4.558435440063477
  },
  "latency_ms": {
    "python_list_baseline": {
      "avg_ms": 10.74666976928711,
      "p50_ms": 9.757041931152344,
      "p95_ms": 15.934455394744873,
      "p99_ms": 16.797409057617184,
      "qps": 93.00928650593828
    },
    "protodb_linear_where": {
      "avg_ms": 57.99783229827881,
      "p50_ms": 57.19566345214844,
      "p95_ms": 60.94409227371216,
      "p99_ms": 65.97238302230834,
      "qps": 17.240950677848275
    },
    "protodb_indexed_where": {
      "avg_ms": 12.283720970153809,
      "p50_ms": 11.735796928405762,
      "p95_ms": 15.936481952667235,
      "p99_ms": 17.253010272979736,
      "qps": 81.38511540364595
    },
    "python_list_pk_lookup": {
      "avg_ms": 12.230491638183594,
      "p50_ms": 11.705994606018066,
      "p95_ms": 16.266155242919922,
      "p99_ms": 16.510260105133057,
      "qps": 81.73255787216115
    },
    "protodb_linear_pk_lookup": {
      "avg_ms": 52.01071739196777,
      "p50_ms": 51.288723945617676,
      "p95_ms": 57.230603694915764,
      "p99_ms": 60.92632055282592,
      "qps": 19.225436975710508
    },
    "protodb_indexed_pk_lookup": {
      "avg_ms": 91.16486072540283,
      "p50_ms": 87.1427059173584,
      "p95_ms": 122.62984514236446,
      "p99_ms": 148.21526527404785,
      "qps": 10.96867569090849
    }
  },
  "speedups": {
    "indexed_over_linear": 4.7204540471316445,
    "indexed_over_python": 0.8750213926052409,
    "indexed_pk_over_linear": 0.5705293307385605
  }
}